TRADE/AREA,TRADE NAME
14335950,Structural Steel
14335972,Roofing Insulation
14335973,Roofing Insulation
14335974,Roofing Insulation
14336004,Backfill
14336005,Backfill
14336056,Structural Steel
14336056,MWT Installation
14336056,Structural Piles
14336056,Roofing Insulation
14336088,Conveyance
14336298,Structural Piles
14336298,Conveyance
14336298,Electrical Yard Equipment Conduit
14336300,Roofing Insulation
14336300,Structural Steel
14336303,Structural Piles
14336305,Structural Piles
14336305,Generator Placement
14336306,Structural Piles
14336308,Generator Placement
14336309,Roofing Insulation
14336309,Structural Steel
14336309,Structural Piles
14336311,Structural Steel
14336311,Roofing Insulation
14336325,MWT Installation
14336351,DWTR Installation
14336416,Concrete Pour
14336416,Booster Pump System Installation
14336416,DWTR Installation
14336425,Booster Pump System Installation
14336425,DWTR Installation
14336426,Booster Pump System Installation
14336426,DWTR Installation
14336467,Backfill
14336470,Backfill
14336471,Backfill
14336482,Generator Placement
14336484,Generator Placement
14336526,Generator Placement
14336528,Generator Placement
14336540,Concrete Pour
14336540,Conveyance
14336540,Backfill
14336566,Concrete Pour
14336566,Conveyance
14336567,Concrete Pour
14336567,Conveyance
14336567,Backfill
14336568,Backfill
14336568,Conveyance
14336568,Concrete Pour
14336569,Conveyance
14336569,Concrete Pour
14336570,Conveyance
14336570,Concrete Pour
14336571,Concrete Pour
14336571,Conveyance
